generated_at,mean_prob_train,mean_prob_test,p90_prob_train,p90_prob_test,psi_prob,psi_tenure,psi_monthlycharges
2026-03-09T09:40:57.364150,0.2644997354310994,0.27094655008067614,0.6586048920714389,0.6610561155938919,0.009656449573347362,0.009147078311553834,0.010749451538055808
